statistic,WM-hypointensities
MACE,0.09333333333333335
MAPE,1.4994412557327361
MSLL,-0.10103825324406429
NLL,0.9490995124309581
R2,0.19360911230348543
RMSE,0.5073923976548348
Rho,0.38495123901660466
Rho_p,0.03567670749804791
SMSE,0.8063908876965146
ShapiroW,0.9915859375806869
