statistic,WM-hypointensities
MACE,0.030107526881720425
MAPE,5.203280531715391
MSLL,0.37081281317997145
NLL,0.8616963305498635
R2,0.4213051923081421
RMSE,0.6313345221509917
Rho,0.5684975646151368
Rho_p,2.5847884180902003e-17
SMSE,0.5786948076918579
ShapiroW,0.9380212540803989
