statistic,response_var_0,response_var_1
MACE,0.007703016241299296,0.054524361948955935
MAPE,2.238967827240354,2.9656563303641055
MSLL,0.285047740238554,0.49768177497055105
NLL,1.1338907929661188,0.9212567582341218
R2,0.44912421958866333,0.21928971007987486
RMSE,0.742210064881457,0.883578117610506
Rho,0.6322599917778283,0.49878527434940234
Rho_p,2.0649476389112333e-97,2.0574805009274873e-55
SMSE,0.5508757804113367,0.7807102899201249
ShapiroW,0.9964307814693901,0.8596208215682133
