statistic,y
MACE,0.008000000000000005
MAPE,0.8704896742449852
MSLL,0.8875116421802958
NLL,0.5314268910243771
R2,0.8254056675146869
RMSE,0.417844866529808
Rho,0.9054665466546654
Rho_p,2.9590572140018243e-38
SMSE,0.17459433248531311
ShapiroW,0.9957135567397708
