statistic,WM-hypointensities
MACE,0.09333333333333335
MAPE,1.2649585642328098
MSLL,-0.10165457149388614
NLL,0.9490995124309581
R2,0.19622511950593713
RMSE,0.5062566036166092
Rho,0.3894509612727894
Rho_p,0.03339736061288546
SMSE,0.8037748804940629
ShapiroW,0.9882242404778956
