statistic,response_var_0,response_var_1
MACE,0.013333333333333364,0.022666666666666686
MAPE,0.1338358069083064,0.24380279760732942
MSLL,2.2465994981076456,2.1318505420154907
NLL,-1.9710946885225349,-1.8470381416761559
R2,0.9888232948532901,0.9859318569486168
RMSE,0.03369534755967905,0.038156951199180895
Rho,0.9926467843015245,0.9902502333437042
Rho_p,1.2485395979093244e-137,1.333565538182558e-128
SMSE,0.011176705146709827,0.014068143051383207
ShapiroW,0.993720863641911,0.9906411268419254
