statistic,r1,r2
MACE,0.002550000000000001,0.0038499999999999867
MAPE,0.25019466786419253,0.15275472699468184
MSLL,2.00275576973053,2.3801007076768546
NLL,0.8041116014339209,0.4178501020355612
R2,0.9817880806054842,0.991436049996501
RMSE,0.5406892006077934,0.3674806566720547
Rho,0.9912339130965192,0.9955978697971678
Rho_p,0.0,0.0
SMSE,0.018211919394515805,0.008563950003498914
ShapiroW,0.9997793838094011,0.9995622980141032
