statistic,WM-hypointensities
MACE,0.09333333333333335
MAPE,1.5796860925333824
MSLL,-0.1447812265051657
NLL,0.9490995124309581
R2,0.1926137515103239
RMSE,0.48597563088306245
Rho,0.34760354429027124
Rho_p,0.05981210177843849
SMSE,0.8073862484896762
ShapiroW,0.9840919956146479
